[{"model": "ussd.menu", "pk": "*190", "fields": {"init_tree": 3, "output_url": "http://127.0.0.1:8001/ussd/some/url/", "active": true, "test_numbers": "787111444, 787111445, 787111446"}}, {"model": "ussd.tree", "pk": 3, "fields": {"title": "*190", "show_text": true, "argument": "Press 1 for x, 2 for y, 3 for z", "var_name": "code", "validation": "none"}}, {"model": "ussd.tree", "pk": 4, "fields": {"title": "CRDB MENU: response is 1", "show_text": true, "argument": "Press 1.1 for x, 1.2 for y, 1.3 for z", "var_name": "dec_1", "validation": null}}, {"model": "ussd.tree", "pk": 5, "fields": {"title": "CRDB MENU: response is 2", "show_text": true, "argument": "Press 2.1 for x, 2.2 for y", "var_name": "dec_2", "validation": null}}, {"model": "ussd.tree", "pk": 6, "fields": {"title": "CRDB Menu response is 3", "show_text": true, "argument": "End the menu", "var_name": "end", "validation": null}}, {"model": "ussd.tree", "pk": 7, "fields": {"title": "Response is 1.1", "show_text": true, "argument": "you pressed 1.1", "var_name": "dec_3", "validation": null}}, {"model": "ussd.tree", "pk": 8, "fields": {"title": "1.2", "show_text": true, "argument": "You pressed 1.2", "var_name": "dec_4", "validation": null}}, {"model": "ussd.tree", "pk": 9, "fields": {"title": "Response is 1.2", "show_text": true, "argument": "You pressed 1.2", "var_name": "dec_5", "validation": null}}, {"model": "ussd.tree", "pk": 10, "fields": {"title": "Response is 1.3", "show_text": true, "argument": "You pressed 1.3", "var_name": "dec_6", "validation": null}}, {"model": "ussd.tree", "pk": 11, "fields": {"title": "Response is 2.1", "show_text": true, "argument": "You pressed 2.1", "var_name": "dec_7", "validation": null}}, {"model": "ussd.tree", "pk": 12, "fields": {"title": "Response is 2.2", "show_text": true, "argument": "You pressed 2.2", "var_name": "dec_7", "validation": null}}, {"model": "ussd.node", "pk": 1, "fields": {"tree": 4, "response": "1.1", "next_id": 7}}, {"model": "ussd.node", "pk": 2, "fields": {"tree": 4, "response": "1.2", "next_id": 9}}, {"model": "ussd.node", "pk": 3, "fields": {"tree": 4, "response": "1.3", "next_id": 10}}, {"model": "ussd.node", "pk": 4, "fields": {"tree": 5, "response": "2.1", "next_id": 11}}, {"model": "ussd.node", "pk": 5, "fields": {"tree": 5, "response": "2.2", "next_id": 12}}, {"model": "ussd.node", "pk": 6, "fields": {"tree": 3, "response": "1", "next_id": 4}}, {"model": "ussd.node", "pk": 7, "fields": {"tree": 3, "response": "2", "next_id": 5}}, {"model": "ussd.node", "pk": 8, "fields": {"tree": 3, "response": "3", "next_id": 6}}, {"model": "ussd.session", "pk": 1, "fields": {"session_id": "212", "active": true, "msisdn": "787111444", "current_tree": 7, "error_count": 24, "data": null, "updated_on": "2023-04-19T23:12:00.148Z"}}, {"model": "ussd.session", "pk": 2, "fields": {"session_id": "213", "active": true, "msisdn": "787111444", "current_tree": 9, "error_count": 3, "data": null, "updated_on": "2023-04-21T13:02:23.154Z"}}, {"model": "ussd.session", "pk": 3, "fields": {"session_id": "214", "active": true, "msisdn": "787111444", "current_tree": 12, "error_count": 5, "data": null, "updated_on": "2023-04-21T13:03:00.601Z"}}, {"model": "ussd.session", "pk": 4, "fields": {"session_id": "215", "active": true, "msisdn": "787111444", "current_tree": 11, "error_count": 11, "data": "None&code=2&dec_2=2.1", "updated_on": "2023-04-21T13:50:09.949Z"}}, {"model": "ussd.session", "pk": 5, "fields": {"session_id": "217", "active": true, "msisdn": "787111444", "current_tree": 7, "error_count": 9, "data": "None&code=1&dec_1=1.1", "updated_on": "2023-04-21T14:00:23.842Z"}}, {"model": "ussd.session", "pk": 6, "fields": {"session_id": "218", "active": true, "msisdn": "787111444", "current_tree": 3, "error_count": 15, "data": null, "updated_on": "2023-04-21T17:16:32.017Z"}}, {"model": "ussd.session", "pk": 7, "fields": {"session_id": "2100", "active": true, "msisdn": "787111444", "current_tree": 10, "error_count": 5, "data": "None&code=1&dec_1=1.3", "updated_on": "2023-04-21T17:22:06.028Z"}}, {"model": "ussd.session", "pk": 8, "fields": {"session_id": "2101", "active": false, "msisdn": "787111444", "current_tree": 12, "error_count": 6, "data": "None&code=2&dec_2=2.2", "updated_on": "2023-04-21T17:25:05.699Z"}}, {"model": "ussd.session", "pk": 9, "fields": {"session_id": "2101", "active": false, "msisdn": "787111444", "current_tree": 7, "error_count": 0, "data": "None&code=1&dec_1=1.1", "updated_on": "2023-04-21T17:29:41.982Z"}}, {"model": "ussd.session", "pk": 10, "fields": {"session_id": "2101", "active": false, "msisdn": "787111444", "current_tree": 8, "error_count": 0, "data": null, "updated_on": "2023-04-21T17:29:54.469Z"}}, {"model": "ussd.session", "pk": 11, "fields": {"session_id": "2101", "active": false, "msisdn": "787111444", "current_tree": 8, "error_count": 0, "data": null, "updated_on": "2023-04-21T17:29:54.538Z"}}, {"model": "ussd.session", "pk": 12, "fields": {"session_id": "2101", "active": true, "msisdn": "787111444", "current_tree": 3, "error_count": 1, "data": null, "updated_on": "2023-04-21T17:34:18.263Z"}}, {"model": "ussd.session", "pk": 13, "fields": {"session_id": "2103", "active": false, "msisdn": "787111444", "current_tree": 7, "error_count": 0, "data": "None&code=1&dec_1=1.1", "updated_on": "2023-04-21T17:39:07.158Z"}}, {"model": "ussd.session", "pk": 14, "fields": {"session_id": "2103", "active": false, "msisdn": "787111444", "current_tree": 8, "error_count": 0, "data": null, "updated_on": "2023-04-21T17:39:26.407Z"}}, {"model": "ussd.session", "pk": 15, "fields": {"session_id": "2103", "active": false, "msisdn": "787111444", "current_tree": 8, "error_count": 0, "data": null, "updated_on": "2023-04-21T17:39:26.474Z"}}, {"model": "ussd.session", "pk": 16, "fields": {"session_id": "2104", "active": false, "msisdn": "787111444", "current_tree": 7, "error_count": 0, "data": "None&code=1&dec_1=1.1", "updated_on": "2023-04-21T17:42:06.320Z"}}, {"model": "ussd.session", "pk": 17, "fields": {"session_id": "21005", "active": false, "msisdn": "787111444", "current_tree": 7, "error_count": 0, "data": "None&code=1&dec_1=1.1", "updated_on": "2023-04-21T17:58:16.105Z"}}, {"model": "ussd.session", "pk": 18, "fields": {"session_id": "21001", "active": false, "msisdn": "787111444", "current_tree": 3, "error_count": 4, "data": null, "updated_on": "2023-04-21T18:01:17.832Z"}}, {"model": "ussd.session", "pk": 19, "fields": {"session_id": "21002", "active": false, "msisdn": "787111444", "current_tree": 4, "error_count": 4, "data": "None&code=1", "updated_on": "2023-04-21T18:02:13.297Z"}}, {"model": "ussd.session", "pk": 20, "fields": {"session_id": "21003", "active": false, "msisdn": "787111444", "current_tree": 4, "error_count": 5, "data": "None&code=1", "updated_on": "2023-04-21T18:02:59.554Z"}}, {"model": "ussd.session", "pk": 21, "fields": {"session_id": "21011", "active": false, "msisdn": "787111444", "current_tree": 7, "error_count": 0, "data": "None&code=1&dec_1=1.1", "updated_on": "2023-04-21T18:08:43.839Z"}}, {"model": "ussd.session", "pk": 22, "fields": {"session_id": "21012", "active": false, "msisdn": "787111444", "current_tree": 7, "error_count": 0, "data": "http://127.0.0.1/some/url&code=1&dec_1=1.1", "updated_on": "2023-04-21T18:39:03.366Z"}}, {"model": "ussd.session", "pk": 23, "fields": {"session_id": "21013", "active": true, "msisdn": "787111444", "current_tree": 3, "error_count": 3, "data": "http://127.0.0.1/some/url/?", "updated_on": "2023-04-21T19:01:09.153Z"}}, {"model": "ussd.session", "pk": 24, "fields": {"session_id": "21014", "active": true, "msisdn": "787111444", "current_tree": 3, "error_count": 1, "data": "http://127.0.0.1/some/url/?", "updated_on": "2023-04-21T19:02:37.543Z"}}, {"model": "ussd.session", "pk": 25, "fields": {"session_id": "21015", "active": true, "msisdn": "787111447", "current_tree": 3, "error_count": 2, "data": "http://127.0.0.1/some/url/?", "updated_on": "2023-04-21T19:04:08.614Z"}}, {"model": "ussd.session", "pk": 26, "fields": {"session_id": "21016", "active": false, "msisdn": "787111447", "current_tree": 9, "error_count": 0, "data": "http://127.0.0.1/some/url/?msisdn=787111447&code=1&dec_1=1.2", "updated_on": "2023-04-22T05:37:58.687Z"}}, {"model": "ussd.session", "pk": 27, "fields": {"session_id": "21017", "active": false, "msisdn": "787111447", "current_tree": 6, "error_count": 0, "data": "http://127.0.0.1/some/url/?msisdn=787111447&code=3", "updated_on": "2023-04-22T05:40:28.109Z"}}, {"model": "ussd.session", "pk": 28, "fields": {"session_id": "21018", "active": false, "msisdn": "787111447", "current_tree": 6, "error_count": 0, "data": "http://127.0.0.1:8001/ussd/some/url/?msisdn=787111447&code=3", "updated_on": "2023-04-22T05:45:54.215Z"}}, {"model": "ussd.session", "pk": 29, "fields": {"session_id": "21019", "active": false, "msisdn": "787111447", "current_tree": 6, "error_count": 0, "data": "http://127.0.0.1:8001/ussd/some/url/?msisdn=787111447&code=3", "updated_on": "2023-04-22T05:46:52.440Z"}}, {"model": "ussd.session", "pk": 30, "fields": {"session_id": "21020", "active": false, "msisdn": "787111447", "current_tree": 6, "error_count": 0, "data": "http://127.0.0.1:8001/ussd/some/url/?msisdn=787111447&code=3", "updated_on": "2023-04-22T05:49:37.812Z"}}, {"model": "ussd.session", "pk": 31, "fields": {"session_id": "21021", "active": false, "msisdn": "787111447", "current_tree": 6, "error_count": 0, "data": "http://127.0.0.1:8001/ussd/some/url/?msisdn=787111447&code=3", "updated_on": "2023-04-22T05:50:37.501Z"}}, {"model": "ussd.session", "pk": 32, "fields": {"session_id": "21022", "active": false, "msisdn": "787111447", "current_tree": 6, "error_count": 0, "data": "http://127.0.0.1:8001/ussd/some/url/?msisdn=787111447&code=3", "updated_on": "2023-04-22T05:51:12.073Z"}}, {"model": "ussd.session", "pk": 33, "fields": {"session_id": "21023", "active": false, "msisdn": "787111447", "current_tree": 7, "error_count": 0, "data": "http://127.0.0.1:8001/ussd/some/url/?msisdn=787111447&code=1&dec_1=1.1", "updated_on": "2023-04-22T06:07:07.588Z"}}, {"model": "ussd.session", "pk": 34, "fields": {"session_id": "21024", "active": false, "msisdn": "787111447", "current_tree": 10, "error_count": 0, "data": "http://127.0.0.1:8001/ussd/some/url/?msisdn=787111447&code=1&dec_1=1.3", "updated_on": "2023-04-22T06:17:32.854Z"}}, {"model": "ussd.session", "pk": 35, "fields": {"session_id": "21025", "active": false, "msisdn": "787111447", "current_tree": 7, "error_count": 0, "data": "http://127.0.0.1:8001/ussd/some/url/?msisdn=787111447&code=1&dec_1=1.1", "updated_on": "2023-04-22T06:18:47.763Z"}}, {"model": "ussd.session", "pk": 36, "fields": {"session_id": "21026", "active": false, "msisdn": "787111447", "current_tree": 6, "error_count": 0, "data": "http://127.0.0.1:8001/ussd/some/url/?msisdn=787111447&code=3", "updated_on": "2023-04-22T06:19:31.926Z"}}, {"model": "ussd.session", "pk": 37, "fields": {"session_id": "21027", "active": false, "msisdn": "787111447", "current_tree": 7, "error_count": 0, "data": "http://127.0.0.1:8001/ussd/some/url/?msisdn=787111447&code=1&dec_1=1.1", "updated_on": "2023-04-22T07:04:47.978Z"}}]